transaction_id,customer_id,data_transacao,valor,categoria_produto,status_pagamento
1,122,2025-01-01 00:00:00,103.51,Eletrônicos,Aprovado
2,80,2025-01-01 01:00:00,123.92,Beleza,Pendente
3,85,2025-01-01 02:00:00,430.1,Vestuário,Cancelado
4,181,2025-01-01 03:00:00,487.05,Casa,Cancelado
5,191,2025-01-01 04:00:00,279.14,Eletrônicos,Cancelado
6,10,2025-01-01 05:00:00,219.99,Vestuário,Pendente
7,103,2025-01-01 06:00:00,461.85,Eletrônicos,Pendente
8,25,2025-01-01 07:00:00,132.82,Vestuário,Aprovado
9,91,2025-01-01 08:00:00,290.52,Vestuário,Aprovado
10,45,2025-01-01 09:00:00,437.0,Esportes,Aprovado
11,53,2025-01-01 10:00:00,394.56,Beleza,Aprovado
12,164,2025-01-01 11:00:00,236.78,Vestuário,Pendente
13,147,2025-01-01 12:00:00,400.49,Eletrônicos,Aprovado
14,174,2025-01-01 13:00:00,292.38,Esportes,Aprovado
15,64,2025-01-01 14:00:00,474.05,Casa,Aprovado
16,180,2025-01-01 15:00:00,258.93,Esportes,Cancelado
17,88,2025-01-01 16:00:00,16.44,Eletrônicos,Cancelado
18,170,2025-01-01 17:00:00,132.05,Eletrônicos,Pendente
19,80,2025-01-01 18:00:00,409.31,Casa,Pendente
20,102,2025-01-01 19:00:00,413.03,Esportes,Cancelado
21,69,2025-01-01 20:00:00,255.15,Casa,Pendente
22,44,2025-01-01 21:00:00,261.85,Beleza,Cancelado
23,102,2025-01-01 22:00:00,160.81,Esportes,Cancelado
24,99,2025-01-01 23:00:00,82.62,Casa,Aprovado
25,36,2025-01-02 00:00:00,491.13,Vestuário,Pendente
26,113,2025-01-02 01:00:00,141.77,Eletrônicos,Pendente
27,2,2025-01-02 02:00:00,115.5,Esportes,Cancelado
28,161,2025-01-02 03:00:00,405.73,Esportes,Pendente
29,41,2025-01-02 04:00:00,446.52,Vestuário,Cancelado
30,197,2025-01-02 05:00:00,124.56,Esportes,Cancelado
31,149,2025-01-02 06:00:00,315.65,Eletrônicos,Aprovado
32,140,2025-01-02 07:00:00,147.06,Beleza,Cancelado
33,186,2025-01-02 08:00:00,494.7,Beleza,Aprovado
34,101,2025-01-02 09:00:00,167.69,Vestuário,Aprovado
35,22,2025-01-02 10:00:00,161.9,Esportes,Aprovado
36,68,2025-01-02 11:00:00,174.76,Eletrônicos,Cancelado
37,51,2025-01-02 12:00:00,274.24,Beleza,Pendente
38,182,2025-01-02 13:00:00,269.24,Eletrônicos,Pendente
39,124,2025-01-02 14:00:00,159.93,Vestuário,Pendente
40,188,2025-01-02 15:00:00,366.25,Beleza,Aprovado
41,45,2025-01-02 16:00:00,79.96,Vestuário,Pendente
42,68,2025-01-02 17:00:00,57.49,Vestuário,Aprovado
43,118,2025-01-02 18:00:00,26.53,Esportes,Pendente
44,138,2025-01-02 19:00:00,203.08,Beleza,Aprovado
45,110,2025-01-02 20:00:00,242.49,Eletrônicos,Pendente
46,45,2025-01-02 21:00:00,353.81,Beleza,Cancelado
47,99,2025-01-02 22:00:00,409.64,Eletrônicos,Cancelado
48,11,2025-01-02 23:00:00,108.84,Eletrônicos,Pendente
49,83,2025-01-03 00:00:00,118.85,Beleza,Cancelado
50,49,2025-01-03 01:00:00,64.28,Casa,Pendente
51,47,2025-01-03 02:00:00,308.72,Eletrônicos,Cancelado
52,126,2025-01-03 03:00:00,81.69,Vestuário,Pendente
53,156,2025-01-03 04:00:00,475.03,Esportes,Aprovado
54,96,2025-01-03 05:00:00,100.99,Beleza,Pendente
55,97,2025-01-03 06:00:00,343.62,Casa,Cancelado
56,155,2025-01-03 07:00:00,159.12,Eletrônicos,Cancelado
57,4,2025-01-03 08:00:00,393.5,Eletrônicos,Cancelado
58,53,2025-01-03 09:00:00,381.94,Eletrônicos,Aprovado
59,108,2025-01-03 10:00:00,374.99,Casa,Cancelado
60,72,2025-01-03 11:00:00,479.38,Casa,Aprovado
61,23,2025-01-03 12:00:00,447.2,Casa,Aprovado
62,145,2025-01-03 13:00:00,74.42,Esportes,Cancelado
63,94,2025-01-03 14:00:00,163.11,Casa,Pendente
64,1,2025-01-03 15:00:00,212.95,Beleza,Cancelado
65,194,2025-01-03 16:00:00,322.81,Eletrônicos,Pendente
66,113,2025-01-03 17:00:00,83.33,Casa,Aprovado
67,124,2025-01-03 18:00:00,20.01,Beleza,Pendente
68,77,2025-01-03 19:00:00,497.93,Vestuário,Pendente
69,123,2025-01-03 20:00:00,257.43,Casa,Cancelado
70,156,2025-01-03 21:00:00,98.05,Beleza,Pendente
71,98,2025-01-03 22:00:00,223.57,Beleza,Aprovado
72,161,2025-01-03 23:00:00,49.41,Beleza,Cancelado
73,70,2025-01-04 00:00:00,154.8,Eletrônicos,Aprovado
74,96,2025-01-04 01:00:00,292.2,Casa,Pendente
75,3,2025-01-04 02:00:00,103.56,Esportes,Cancelado
76,146,2025-01-04 03:00:00,34.8,Esportes,Cancelado
77,1,2025-01-04 04:00:00,63.67,Beleza,Cancelado
78,4,2025-01-04 05:00:00,454.58,Casa,Pendente
79,115,2025-01-04 06:00:00,178.61,Esportes,Cancelado
80,29,2025-01-04 07:00:00,326.83,Esportes,Aprovado
81,161,2025-01-04 08:00:00,243.3,Vestuário,Cancelado
82,34,2025-01-04 09:00:00,471.58,Esportes,Cancelado
83,173,2025-01-04 10:00:00,266.96,Casa,Pendente
84,65,2025-01-04 11:00:00,114.43,Casa,Cancelado
85,185,2025-01-04 12:00:00,192.88,Casa,Pendente
86,156,2025-01-04 13:00:00,382.33,Vestuário,Cancelado
87,81,2025-01-04 14:00:00,83.7,Beleza,Pendente
88,58,2025-01-04 15:00:00,497.48,Casa,Aprovado
89,134,2025-01-04 16:00:00,198.78,Eletrônicos,Pendente
90,32,2025-01-04 17:00:00,95.62,Eletrônicos,Cancelado
91,47,2025-01-04 18:00:00,340.42,Vestuário,Pendente
92,68,2025-01-04 19:00:00,471.55,Esportes,Aprovado
93,138,2025-01-04 20:00:00,139.1,Casa,Aprovado
94,108,2025-01-04 21:00:00,183.17,Esportes,Pendente
95,11,2025-01-04 22:00:00,464.03,Vestuário,Aprovado
96,144,2025-01-04 23:00:00,374.96,Eletrônicos,Cancelado
97,77,2025-01-05 00:00:00,317.84,Esportes,Pendente
98,169,2025-01-05 01:00:00,18.19,Casa,Pendente
99,189,2025-01-05 02:00:00,342.18,Vestuário,Aprovado
100,58,2025-01-05 03:00:00,260.73,Vestuário,Pendente
101,15,2025-01-05 04:00:00,397.74,Vestuário,Pendente
102,149,2025-01-05 05:00:00,468.01,Casa,Aprovado
103,143,2025-01-05 06:00:00,299.84,Esportes,Cancelado
104,170,2025-01-05 07:00:00,473.3,Casa,Aprovado
105,26,2025-01-05 08:00:00,116.22,Vestuário,Aprovado
106,12,2025-01-05 09:00:00,156.28,Vestuário,Aprovado
107,28,2025-01-05 10:00:00,340.93,Beleza,Cancelado
108,158,2025-01-05 11:00:00,349.23,Vestuário,Aprovado
109,195,2025-01-05 12:00:00,241.72,Beleza,Pendente
110,164,2025-01-05 13:00:00,462.42,Casa,Aprovado
111,104,2025-01-05 14:00:00,329.47,Eletrônicos,Cancelado
112,134,2025-01-05 15:00:00,49.96,Esportes,Aprovado
113,107,2025-01-05 16:00:00,363.25,Eletrônicos,Pendente
114,25,2025-01-05 17:00:00,329.17,Esportes,Pendente
115,170,2025-01-05 18:00:00,99.16,Eletrônicos,Aprovado
116,195,2025-01-05 19:00:00,178.92,Eletrônicos,Aprovado
117,139,2025-01-05 20:00:00,374.33,Casa,Pendente
118,113,2025-01-05 21:00:00,230.19,Eletrônicos,Cancelado
119,104,2025-01-05 22:00:00,419.86,Vestuário,Cancelado
120,130,2025-01-05 23:00:00,353.89,Esportes,Pendente
121,68,2025-01-06 00:00:00,420.8,Beleza,Cancelado
122,186,2025-01-06 01:00:00,423.1,Eletrônicos,Aprovado
123,81,2025-01-06 02:00:00,377.92,Eletrônicos,Aprovado
124,11,2025-01-06 03:00:00,278.56,Eletrônicos,Cancelado
125,23,2025-01-06 04:00:00,179.69,Casa,Aprovado
126,53,2025-01-06 05:00:00,29.07,Beleza,Aprovado
127,106,2025-01-06 06:00:00,36.7,Eletrônicos,Cancelado
128,35,2025-01-06 07:00:00,303.12,Eletrônicos,Cancelado
129,117,2025-01-06 08:00:00,352.99,Esportes,Aprovado
130,107,2025-01-06 09:00:00,369.41,Eletrônicos,Pendente
131,15,2025-01-06 10:00:00,453.48,Beleza,Aprovado
132,118,2025-01-06 11:00:00,459.22,Casa,Cancelado
133,112,2025-01-06 12:00:00,308.51,Esportes,Aprovado
134,136,2025-01-06 13:00:00,160.0,Casa,Aprovado
135,97,2025-01-06 14:00:00,494.81,Eletrônicos,Pendente
136,57,2025-01-06 15:00:00,427.97,Beleza,Pendente
137,184,2025-01-06 16:00:00,488.64,Beleza,Pendente
138,126,2025-01-06 17:00:00,126.92,Eletrônicos,Cancelado
139,111,2025-01-06 18:00:00,496.62,Vestuário,Pendente
140,67,2025-01-06 19:00:00,497.68,Casa,Cancelado
141,10,2025-01-06 20:00:00,117.46,Beleza,Aprovado
142,86,2025-01-06 21:00:00,111.87,Esportes,Cancelado
143,84,2025-01-06 22:00:00,244.78,Casa,Pendente
144,160,2025-01-06 23:00:00,278.47,Casa,Cancelado
145,125,2025-01-07 00:00:00,280.49,Esportes,Pendente
146,56,2025-01-07 01:00:00,84.34,Vestuário,Pendente
147,167,2025-01-07 02:00:00,126.15,Vestuário,Cancelado
148,37,2025-01-07 03:00:00,453.35,Eletrônicos,Cancelado
149,14,2025-01-07 04:00:00,233.28,Esportes,Aprovado
150,162,2025-01-07 05:00:00,403.77,Esportes,Cancelado
151,19,2025-01-07 06:00:00,362.78,Vestuário,Pendente
152,176,2025-01-07 07:00:00,202.78,Casa,Cancelado
153,85,2025-01-07 08:00:00,162.19,Beleza,Cancelado
154,59,2025-01-07 09:00:00,333.78,Beleza,Cancelado
155,80,2025-01-07 10:00:00,343.56,Esportes,Pendente
156,167,2025-01-07 11:00:00,405.56,Beleza,Aprovado
157,7,2025-01-07 12:00:00,431.14,Eletrônicos,Cancelado
158,183,2025-01-07 13:00:00,486.36,Beleza,Aprovado
159,117,2025-01-07 14:00:00,310.87,Vestuário,Cancelado
160,185,2025-01-07 15:00:00,389.89,Vestuário,Cancelado
161,17,2025-01-07 16:00:00,362.24,Eletrônicos,Cancelado
162,14,2025-01-07 17:00:00,309.58,Eletrônicos,Pendente
163,176,2025-01-07 18:00:00,304.14,Eletrônicos,Pendente
164,104,2025-01-07 19:00:00,203.32,Beleza,Pendente
165,134,2025-01-07 20:00:00,385.87,Beleza,Pendente
166,24,2025-01-07 21:00:00,436.71,Eletrônicos,Pendente
167,101,2025-01-07 22:00:00,41.65,Vestuário,Aprovado
168,186,2025-01-07 23:00:00,191.66,Beleza,Cancelado
169,40,2025-01-08 00:00:00,243.23,Beleza,Cancelado
170,145,2025-01-08 01:00:00,200.54,Vestuário,Cancelado
171,82,2025-01-08 02:00:00,196.0,Vestuário,Pendente
172,155,2025-01-08 03:00:00,448.76,Esportes,Cancelado
173,180,2025-01-08 04:00:00,188.28,Esportes,Cancelado
174,139,2025-01-08 05:00:00,102.12,Casa,Pendente
175,15,2025-01-08 06:00:00,198.59,Casa,Pendente
176,86,2025-01-08 07:00:00,99.73,Beleza,Cancelado
177,62,2025-01-08 08:00:00,209.36,Vestuário,Pendente
178,17,2025-01-08 09:00:00,360.18,Eletrônicos,Pendente
179,68,2025-01-08 10:00:00,157.71,Vestuário,Pendente
180,16,2025-01-08 11:00:00,138.86,Vestuário,Pendente
181,135,2025-01-08 12:00:00,279.82,Beleza,Pendente
182,60,2025-01-08 13:00:00,365.54,Casa,Cancelado
183,23,2025-01-08 14:00:00,373.46,Eletrônicos,Cancelado
184,174,2025-01-08 15:00:00,464.99,Eletrônicos,Aprovado
185,124,2025-01-08 16:00:00,149.01,Esportes,Cancelado
186,184,2025-01-08 17:00:00,217.54,Casa,Aprovado
187,200,2025-01-08 18:00:00,213.89,Eletrônicos,Aprovado
188,160,2025-01-08 19:00:00,210.2,Eletrônicos,Cancelado
189,86,2025-01-08 20:00:00,364.5,Beleza,Aprovado
190,127,2025-01-08 21:00:00,479.03,Eletrônicos,Aprovado
191,143,2025-01-08 22:00:00,432.97,Eletrônicos,Pendente
192,135,2025-01-08 23:00:00,195.1,Eletrônicos,Aprovado
193,5,2025-01-09 00:00:00,267.63,Eletrônicos,Aprovado
194,119,2025-01-09 01:00:00,263.7,Beleza,Pendente
195,189,2025-01-09 02:00:00,45.08,Casa,Aprovado
196,112,2025-01-09 03:00:00,296.1,Vestuário,Aprovado
197,129,2025-01-09 04:00:00,219.51,Beleza,Pendente
198,47,2025-01-09 05:00:00,105.29,Beleza,Pendente
199,72,2025-01-09 06:00:00,431.61,Esportes,Aprovado
200,31,2025-01-09 07:00:00,481.17,Vestuário,Cancelado
201,95,2025-01-09 08:00:00,278.63,Esportes,Pendente
202,77,2025-01-09 09:00:00,116.73,Esportes,Cancelado
203,195,2025-01-09 10:00:00,339.36,Casa,Pendente
204,97,2025-01-09 11:00:00,485.3,Beleza,Cancelado
205,76,2025-01-09 12:00:00,358.49,Beleza,Cancelado
206,62,2025-01-09 13:00:00,93.68,Vestuário,Pendente
207,171,2025-01-09 14:00:00,230.09,Vestuário,Aprovado
208,105,2025-01-09 15:00:00,241.57,Vestuário,Aprovado
209,107,2025-01-09 16:00:00,74.03,Casa,Aprovado
210,140,2025-01-09 17:00:00,184.18,Vestuário,Pendente
211,69,2025-01-09 18:00:00,148.03,Vestuário,Cancelado
212,151,2025-01-09 19:00:00,143.98,Esportes,Aprovado
213,3,2025-01-09 20:00:00,146.78,Casa,Cancelado
214,107,2025-01-09 21:00:00,496.85,Casa,Aprovado
215,65,2025-01-09 22:00:00,402.82,Beleza,Aprovado
216,115,2025-01-09 23:00:00,393.93,Eletrônicos,Aprovado
217,36,2025-01-10 00:00:00,455.78,Vestuário,Pendente
218,23,2025-01-10 01:00:00,150.98,Casa,Cancelado
219,44,2025-01-10 02:00:00,179.44,Casa,Pendente
220,81,2025-01-10 03:00:00,343.08,Beleza,Aprovado
221,64,2025-01-10 04:00:00,18.78,Vestuário,Cancelado
222,187,2025-01-10 05:00:00,78.07,Beleza,Cancelado
223,115,2025-01-10 06:00:00,239.36,Vestuário,Aprovado
224,195,2025-01-10 07:00:00,350.41,Esportes,Pendente
225,177,2025-01-10 08:00:00,354.65,Vestuário,Pendente
226,117,2025-01-10 09:00:00,220.66,Esportes,Pendente
227,109,2025-01-10 10:00:00,334.37,Esportes,Cancelado
228,18,2025-01-10 11:00:00,55.7,Casa,Aprovado
229,47,2025-01-10 12:00:00,98.9,Vestuário,Pendente
230,23,2025-01-10 13:00:00,458.3,Vestuário,Pendente
231,71,2025-01-10 14:00:00,28.12,Vestuário,Cancelado
232,182,2025-01-10 15:00:00,274.34,Esportes,Cancelado
233,192,2025-01-10 16:00:00,172.46,Beleza,Pendente
234,47,2025-01-10 17:00:00,497.84,Casa,Cancelado
235,64,2025-01-10 18:00:00,147.65,Esportes,Cancelado
236,107,2025-01-10 19:00:00,174.07,Vestuário,Aprovado
237,67,2025-01-10 20:00:00,184.51,Beleza,Cancelado
238,61,2025-01-10 21:00:00,467.31,Beleza,Cancelado
239,20,2025-01-10 22:00:00,225.74,Vestuário,Cancelado
240,117,2025-01-10 23:00:00,397.22,Casa,Aprovado
241,40,2025-01-11 00:00:00,477.92,Beleza,Cancelado
242,128,2025-01-11 01:00:00,407.86,Esportes,Cancelado
243,113,2025-01-11 02:00:00,419.9,Eletrônicos,Cancelado
244,48,2025-01-11 03:00:00,204.59,Eletrônicos,Cancelado
245,171,2025-01-11 04:00:00,360.26,Vestuário,Pendente
246,163,2025-01-11 05:00:00,276.88,Esportes,Pendente
247,134,2025-01-11 06:00:00,401.72,Eletrônicos,Aprovado
248,129,2025-01-11 07:00:00,252.97,Vestuário,Cancelado
249,102,2025-01-11 08:00:00,106.05,Beleza,Aprovado
250,77,2025-01-11 09:00:00,317.25,Eletrônicos,Aprovado
251,20,2025-01-11 10:00:00,217.66,Beleza,Pendente
252,149,2025-01-11 11:00:00,256.41,Casa,Pendente
253,74,2025-01-11 12:00:00,435.54,Esportes,Aprovado
254,148,2025-01-11 13:00:00,394.61,Eletrônicos,Cancelado
255,100,2025-01-11 14:00:00,373.31,Esportes,Pendente
256,66,2025-01-11 15:00:00,279.28,Esportes,Cancelado
257,3,2025-01-11 16:00:00,60.04,Casa,Pendente
258,158,2025-01-11 17:00:00,299.14,Eletrônicos,Pendente
259,48,2025-01-11 18:00:00,454.22,Eletrônicos,Aprovado
260,70,2025-01-11 19:00:00,458.57,Beleza,Aprovado
261,36,2025-01-11 20:00:00,211.72,Esportes,Cancelado
262,60,2025-01-11 21:00:00,343.5,Eletrônicos,Aprovado
263,56,2025-01-11 22:00:00,98.05,Esportes,Pendente
264,110,2025-01-11 23:00:00,394.86,Vestuário,Pendente
265,140,2025-01-12 00:00:00,392.39,Beleza,Cancelado
266,115,2025-01-12 01:00:00,189.76,Esportes,Pendente
267,199,2025-01-12 02:00:00,78.33,Casa,Pendente
268,74,2025-01-12 03:00:00,365.23,Eletrônicos,Pendente
269,71,2025-01-12 04:00:00,139.62,Eletrônicos,Cancelado
270,80,2025-01-12 05:00:00,441.27,Vestuário,Aprovado
271,13,2025-01-12 06:00:00,217.68,Casa,Aprovado
272,196,2025-01-12 07:00:00,485.89,Esportes,Pendente
273,5,2025-01-12 08:00:00,142.24,Casa,Cancelado
274,166,2025-01-12 09:00:00,34.14,Beleza,Aprovado
275,112,2025-01-12 10:00:00,349.44,Vestuário,Aprovado
276,117,2025-01-12 11:00:00,188.7,Esportes,Pendente
277,89,2025-01-12 12:00:00,139.91,Beleza,Cancelado
278,94,2025-01-12 13:00:00,271.34,Eletrônicos,Cancelado
279,51,2025-01-12 14:00:00,191.01,Vestuário,Aprovado
280,54,2025-01-12 15:00:00,16.6,Beleza,Pendente
281,49,2025-01-12 16:00:00,206.08,Eletrônicos,Pendente
282,189,2025-01-12 17:00:00,466.49,Vestuário,Aprovado
283,5,2025-01-12 18:00:00,59.88,Beleza,Cancelado
284,28,2025-01-12 19:00:00,311.5,Casa,Pendente
285,198,2025-01-12 20:00:00,137.69,Casa,Pendente
286,184,2025-01-12 21:00:00,448.83,Vestuário,Pendente
287,195,2025-01-12 22:00:00,308.8,Eletrônicos,Aprovado
288,121,2025-01-12 23:00:00,150.94,Esportes,Aprovado
289,195,2025-01-13 00:00:00,290.9,Esportes,Cancelado
290,32,2025-01-13 01:00:00,259.38,Esportes,Aprovado
291,19,2025-01-13 02:00:00,257.02,Beleza,Pendente
292,151,2025-01-13 03:00:00,211.54,Esportes,Aprovado
293,63,2025-01-13 04:00:00,75.66,Casa,Pendente
294,18,2025-01-13 05:00:00,340.39,Casa,Pendente
295,135,2025-01-13 06:00:00,411.4,Esportes,Pendente
296,36,2025-01-13 07:00:00,130.31,Beleza,Cancelado
297,139,2025-01-13 08:00:00,260.56,Beleza,Aprovado
298,153,2025-01-13 09:00:00,407.36,Esportes,Pendente
299,166,2025-01-13 10:00:00,452.75,Esportes,Pendente
300,183,2025-01-13 11:00:00,237.24,Beleza,Cancelado
301,164,2025-01-13 12:00:00,37.39,Vestuário,Cancelado
302,47,2025-01-13 13:00:00,318.73,Vestuário,Cancelado
303,156,2025-01-13 14:00:00,180.08,Eletrônicos,Cancelado
304,147,2025-01-13 15:00:00,347.19,Casa,Aprovado
305,50,2025-01-13 16:00:00,124.03,Esportes,Cancelado
306,198,2025-01-13 17:00:00,96.56,Vestuário,Cancelado
307,146,2025-01-13 18:00:00,233.85,Vestuário,Aprovado
308,129,2025-01-13 19:00:00,438.06,Eletrônicos,Pendente
309,190,2025-01-13 20:00:00,31.59,Eletrônicos,Aprovado
310,157,2025-01-13 21:00:00,475.83,Beleza,Pendente
311,26,2025-01-13 22:00:00,353.28,Eletrônicos,Aprovado
312,83,2025-01-13 23:00:00,44.16,Beleza,Cancelado
313,57,2025-01-14 00:00:00,402.89,Beleza,Cancelado
314,178,2025-01-14 01:00:00,182.78,Vestuário,Aprovado
315,98,2025-01-14 02:00:00,485.65,Beleza,Aprovado
316,194,2025-01-14 03:00:00,420.63,Vestuário,Aprovado
317,191,2025-01-14 04:00:00,56.37,Esportes,Aprovado
318,71,2025-01-14 05:00:00,232.89,Esportes,Aprovado
319,169,2025-01-14 06:00:00,231.36,Eletrônicos,Aprovado
320,104,2025-01-14 07:00:00,152.12,Eletrônicos,Aprovado
321,197,2025-01-14 08:00:00,42.77,Beleza,Cancelado
322,114,2025-01-14 09:00:00,432.52,Beleza,Aprovado
323,192,2025-01-14 10:00:00,455.65,Esportes,Pendente
324,52,2025-01-14 11:00:00,259.53,Casa,Aprovado
325,154,2025-01-14 12:00:00,425.09,Vestuário,Aprovado
326,136,2025-01-14 13:00:00,453.15,Beleza,Pendente
327,39,2025-01-14 14:00:00,47.67,Casa,Cancelado
328,127,2025-01-14 15:00:00,375.05,Beleza,Aprovado
329,150,2025-01-14 16:00:00,303.8,Vestuário,Aprovado
330,103,2025-01-14 17:00:00,350.36,Casa,Pendente
331,93,2025-01-14 18:00:00,222.92,Esportes,Aprovado
332,178,2025-01-14 19:00:00,100.67,Beleza,Aprovado
333,38,2025-01-14 20:00:00,91.46,Eletrônicos,Aprovado
334,105,2025-01-14 21:00:00,374.8,Esportes,Aprovado
335,128,2025-01-14 22:00:00,117.22,Esportes,Cancelado
336,37,2025-01-14 23:00:00,494.01,Vestuário,Cancelado
337,81,2025-01-15 00:00:00,440.25,Casa,Cancelado
338,11,2025-01-15 01:00:00,162.98,Esportes,Pendente
339,97,2025-01-15 02:00:00,283.48,Esportes,Aprovado
340,46,2025-01-15 03:00:00,180.32,Vestuário,Aprovado
341,176,2025-01-15 04:00:00,484.31,Vestuário,Cancelado
342,190,2025-01-15 05:00:00,298.99,Casa,Aprovado
343,195,2025-01-15 06:00:00,428.37,Casa,Aprovado
344,150,2025-01-15 07:00:00,99.57,Beleza,Pendente
345,15,2025-01-15 08:00:00,305.19,Vestuário,Pendente
346,171,2025-01-15 09:00:00,456.55,Casa,Cancelado
347,86,2025-01-15 10:00:00,112.0,Esportes,Cancelado
348,70,2025-01-15 11:00:00,288.44,Casa,Pendente
349,53,2025-01-15 12:00:00,492.66,Vestuário,Aprovado
350,63,2025-01-15 13:00:00,362.86,Eletrônicos,Pendente
351,60,2025-01-15 14:00:00,339.79,Beleza,Pendente
352,16,2025-01-15 15:00:00,218.55,Beleza,Cancelado
353,182,2025-01-15 16:00:00,372.49,Casa,Pendente
354,141,2025-01-15 17:00:00,377.09,Casa,Cancelado
355,188,2025-01-15 18:00:00,438.17,Esportes,Pendente
356,103,2025-01-15 19:00:00,365.4,Beleza,Cancelado
357,107,2025-01-15 20:00:00,370.22,Eletrônicos,Aprovado
358,35,2025-01-15 21:00:00,248.71,Beleza,Cancelado
359,170,2025-01-15 22:00:00,30.47,Casa,Aprovado
360,190,2025-01-15 23:00:00,360.85,Esportes,Cancelado
361,75,2025-01-16 00:00:00,220.93,Eletrônicos,Pendente
362,90,2025-01-16 01:00:00,227.61,Beleza,Pendente
363,24,2025-01-16 02:00:00,380.34,Esportes,Pendente
364,78,2025-01-16 03:00:00,447.71,Esportes,Aprovado
365,16,2025-01-16 04:00:00,93.41,Casa,Pendente
366,48,2025-01-16 05:00:00,59.02,Esportes,Cancelado
367,2,2025-01-16 06:00:00,352.29,Casa,Aprovado
368,182,2025-01-16 07:00:00,454.99,Casa,Aprovado
369,21,2025-01-16 08:00:00,434.54,Beleza,Cancelado
370,175,2025-01-16 09:00:00,238.63,Beleza,Aprovado
371,135,2025-01-16 10:00:00,146.07,Vestuário,Cancelado
372,144,2025-01-16 11:00:00,119.27,Eletrônicos,Aprovado
373,176,2025-01-16 12:00:00,185.85,Eletrônicos,Pendente
374,131,2025-01-16 13:00:00,112.54,Eletrônicos,Cancelado
375,34,2025-01-16 14:00:00,140.42,Vestuário,Cancelado
376,164,2025-01-16 15:00:00,213.35,Casa,Cancelado
377,157,2025-01-16 16:00:00,135.28,Esportes,Cancelado
378,86,2025-01-16 17:00:00,444.11,Eletrônicos,Cancelado
379,123,2025-01-16 18:00:00,139.89,Casa,Pendente
380,84,2025-01-16 19:00:00,285.25,Eletrônicos,Pendente
381,144,2025-01-16 20:00:00,281.0,Casa,Pendente
382,58,2025-01-16 21:00:00,370.04,Casa,Cancelado
383,21,2025-01-16 22:00:00,441.37,Casa,Cancelado
384,162,2025-01-16 23:00:00,140.76,Eletrônicos,Aprovado
385,85,2025-01-17 00:00:00,315.21,Casa,Aprovado
386,192,2025-01-17 01:00:00,234.19,Vestuário,Aprovado
387,120,2025-01-17 02:00:00,19.89,Esportes,Pendente
388,136,2025-01-17 03:00:00,171.77,Eletrônicos,Cancelado
389,139,2025-01-17 04:00:00,82.86,Eletrônicos,Cancelado
390,19,2025-01-17 05:00:00,276.65,Beleza,Aprovado
391,82,2025-01-17 06:00:00,270.65,Beleza,Pendente
392,198,2025-01-17 07:00:00,249.55,Esportes,Cancelado
393,157,2025-01-17 08:00:00,192.54,Vestuário,Aprovado
394,133,2025-01-17 09:00:00,226.6,Eletrônicos,Cancelado
395,89,2025-01-17 10:00:00,209.12,Vestuário,Pendente
396,162,2025-01-17 11:00:00,313.16,Esportes,Aprovado
397,34,2025-01-17 12:00:00,222.04,Eletrônicos,Pendente
398,122,2025-01-17 13:00:00,382.82,Vestuário,Aprovado
399,85,2025-01-17 14:00:00,365.56,Esportes,Aprovado
400,110,2025-01-17 15:00:00,464.01,Vestuário,Pendente
401,35,2025-01-17 16:00:00,238.7,Vestuário,Aprovado
402,163,2025-01-17 17:00:00,217.26,Esportes,Aprovado
403,113,2025-01-17 18:00:00,283.98,Casa,Aprovado
404,162,2025-01-17 19:00:00,309.53,Vestuário,Cancelado
405,145,2025-01-17 20:00:00,61.64,Esportes,Cancelado
406,149,2025-01-17 21:00:00,125.02,Casa,Pendente
407,58,2025-01-17 22:00:00,87.7,Esportes,Cancelado
408,17,2025-01-17 23:00:00,460.0,Eletrônicos,Aprovado
409,20,2025-01-18 00:00:00,174.17,Beleza,Cancelado
410,7,2025-01-18 01:00:00,40.78,Eletrônicos,Pendente
411,64,2025-01-18 02:00:00,172.5,Eletrônicos,Pendente
412,92,2025-01-18 03:00:00,142.24,Casa,Cancelado
413,12,2025-01-18 04:00:00,293.56,Vestuário,Pendente
414,120,2025-01-18 05:00:00,117.07,Vestuário,Aprovado
415,176,2025-01-18 06:00:00,71.85,Esportes,Aprovado
416,137,2025-01-18 07:00:00,399.02,Eletrônicos,Aprovado
417,1,2025-01-18 08:00:00,33.71,Vestuário,Pendente
418,9,2025-01-18 09:00:00,56.63,Beleza,Pendente
419,129,2025-01-18 10:00:00,82.65,Vestuário,Pendente
420,185,2025-01-18 11:00:00,148.22,Eletrônicos,Aprovado
421,195,2025-01-18 12:00:00,341.02,Esportes,Cancelado
422,60,2025-01-18 13:00:00,75.68,Casa,Pendente
423,134,2025-01-18 14:00:00,230.81,Esportes,Aprovado
424,182,2025-01-18 15:00:00,187.99,Vestuário,Pendente
425,36,2025-01-18 16:00:00,346.03,Vestuário,Cancelado
426,13,2025-01-18 17:00:00,397.11,Casa,Aprovado
427,172,2025-01-18 18:00:00,172.79,Eletrônicos,Pendente
428,31,2025-01-18 19:00:00,491.15,Esportes,Cancelado
429,173,2025-01-18 20:00:00,405.48,Esportes,Aprovado
430,131,2025-01-18 21:00:00,412.66,Vestuário,Pendente
431,12,2025-01-18 22:00:00,192.14,Casa,Aprovado
432,9,2025-01-18 23:00:00,192.46,Beleza,Aprovado
433,22,2025-01-19 00:00:00,316.67,Casa,Aprovado
434,63,2025-01-19 01:00:00,307.31,Casa,Aprovado
435,84,2025-01-19 02:00:00,214.25,Beleza,Cancelado
436,182,2025-01-19 03:00:00,393.86,Eletrônicos,Pendente
437,165,2025-01-19 04:00:00,490.24,Casa,Aprovado
438,155,2025-01-19 05:00:00,66.28,Eletrônicos,Cancelado
439,25,2025-01-19 06:00:00,283.34,Casa,Pendente
440,139,2025-01-19 07:00:00,90.66,Casa,Pendente
441,60,2025-01-19 08:00:00,181.91,Beleza,Cancelado
442,55,2025-01-19 09:00:00,416.47,Eletrônicos,Cancelado
443,54,2025-01-19 10:00:00,250.95,Casa,Aprovado
444,120,2025-01-19 11:00:00,27.06,Esportes,Aprovado
445,71,2025-01-19 12:00:00,99.7,Vestuário,Pendente
446,29,2025-01-19 13:00:00,94.97,Eletrônicos,Aprovado
447,18,2025-01-19 14:00:00,336.67,Eletrônicos,Cancelado
448,198,2025-01-19 15:00:00,356.46,Casa,Aprovado
449,140,2025-01-19 16:00:00,354.29,Vestuário,Aprovado
450,63,2025-01-19 17:00:00,83.05,Vestuário,Pendente
451,85,2025-01-19 18:00:00,87.53,Beleza,Cancelado
452,110,2025-01-19 19:00:00,320.59,Esportes,Aprovado
453,165,2025-01-19 20:00:00,159.69,Eletrônicos,Aprovado
454,107,2025-01-19 21:00:00,357.05,Vestuário,Aprovado
455,79,2025-01-19 22:00:00,343.7,Casa,Pendente
456,63,2025-01-19 23:00:00,85.12,Casa,Cancelado
457,74,2025-01-20 00:00:00,109.63,Esportes,Pendente
458,87,2025-01-20 01:00:00,421.45,Beleza,Aprovado
459,176,2025-01-20 02:00:00,464.76,Eletrônicos,Aprovado
460,187,2025-01-20 03:00:00,405.58,Beleza,Cancelado
461,102,2025-01-20 04:00:00,371.18,Beleza,Aprovado
462,25,2025-01-20 05:00:00,189.25,Esportes,Aprovado
463,169,2025-01-20 06:00:00,240.82,Esportes,Pendente
464,19,2025-01-20 07:00:00,346.17,Eletrônicos,Cancelado
465,17,2025-01-20 08:00:00,124.73,Eletrônicos,Cancelado
466,45,2025-01-20 09:00:00,187.85,Vestuário,Cancelado
467,151,2025-01-20 10:00:00,353.22,Beleza,Aprovado
468,98,2025-01-20 11:00:00,272.08,Beleza,Pendente
469,116,2025-01-20 12:00:00,287.95,Casa,Pendente
470,47,2025-01-20 13:00:00,65.32,Esportes,Pendente
471,13,2025-01-20 14:00:00,286.69,Vestuário,Aprovado
472,93,2025-01-20 15:00:00,433.23,Esportes,Cancelado
473,138,2025-01-20 16:00:00,336.54,Esportes,Aprovado
474,98,2025-01-20 17:00:00,35.89,Beleza,Aprovado
475,120,2025-01-20 18:00:00,445.13,Vestuário,Pendente
476,50,2025-01-20 19:00:00,178.68,Beleza,Cancelado
477,21,2025-01-20 20:00:00,128.29,Eletrônicos,Cancelado
478,104,2025-01-20 21:00:00,479.06,Vestuário,Cancelado
479,132,2025-01-20 22:00:00,21.43,Beleza,Pendente
480,115,2025-01-20 23:00:00,425.5,Casa,Cancelado
481,158,2025-01-21 00:00:00,38.3,Casa,Cancelado
482,9,2025-01-21 01:00:00,402.58,Casa,Pendente
483,53,2025-01-21 02:00:00,332.96,Beleza,Cancelado
484,97,2025-01-21 03:00:00,232.57,Eletrônicos,Aprovado
485,77,2025-01-21 04:00:00,445.67,Casa,Cancelado
486,104,2025-01-21 05:00:00,339.3,Esportes,Aprovado
487,147,2025-01-21 06:00:00,62.68,Esportes,Cancelado
488,130,2025-01-21 07:00:00,482.2,Eletrônicos,Aprovado
489,44,2025-01-21 08:00:00,281.13,Eletrônicos,Cancelado
490,1,2025-01-21 09:00:00,344.02,Beleza,Cancelado
491,37,2025-01-21 10:00:00,219.79,Eletrônicos,Cancelado
492,66,2025-01-21 11:00:00,174.4,Esportes,Aprovado
493,66,2025-01-21 12:00:00,117.11,Eletrônicos,Aprovado
494,176,2025-01-21 13:00:00,188.66,Esportes,Pendente
495,124,2025-01-21 14:00:00,157.42,Vestuário,Aprovado
496,192,2025-01-21 15:00:00,480.83,Beleza,Cancelado
497,166,2025-01-21 16:00:00,434.11,Beleza,Aprovado
498,82,2025-01-21 17:00:00,401.1,Beleza,Aprovado
499,138,2025-01-21 18:00:00,288.99,Eletrônicos,Cancelado
500,172,2025-01-21 19:00:00,445.07,Beleza,Pendente
501,121,2025-01-21 20:00:00,121.4,Eletrônicos,Aprovado
502,148,2025-01-21 21:00:00,371.98,Casa,Aprovado
503,50,2025-01-21 22:00:00,67.86,Eletrônicos,Cancelado
504,83,2025-01-21 23:00:00,348.46,Eletrônicos,Pendente
505,149,2025-01-22 00:00:00,298.76,Beleza,Pendente
506,82,2025-01-22 01:00:00,67.04,Casa,Aprovado
507,32,2025-01-22 02:00:00,287.75,Esportes,Aprovado
508,144,2025-01-22 03:00:00,401.5,Vestuário,Aprovado
509,194,2025-01-22 04:00:00,236.09,Casa,Pendente
510,70,2025-01-22 05:00:00,73.68,Beleza,Cancelado
511,2,2025-01-22 06:00:00,179.06,Eletrônicos,Pendente
512,75,2025-01-22 07:00:00,222.23,Esportes,Cancelado
513,9,2025-01-22 08:00:00,467.57,Esportes,Pendente
514,77,2025-01-22 09:00:00,230.27,Eletrônicos,Cancelado
515,191,2025-01-22 10:00:00,222.02,Eletrônicos,Cancelado
516,135,2025-01-22 11:00:00,369.95,Esportes,Pendente
517,31,2025-01-22 12:00:00,64.59,Vestuário,Cancelado
518,52,2025-01-22 13:00:00,21.72,Eletrônicos,Aprovado
519,129,2025-01-22 14:00:00,194.35,Eletrônicos,Pendente
520,143,2025-01-22 15:00:00,185.65,Casa,Cancelado
521,43,2025-01-22 16:00:00,359.9,Vestuário,Pendente
522,168,2025-01-22 17:00:00,211.91,Casa,Pendente
523,79,2025-01-22 18:00:00,299.79,Vestuário,Pendente
524,40,2025-01-22 19:00:00,382.25,Vestuário,Cancelado
525,45,2025-01-22 20:00:00,130.25,Eletrônicos,Cancelado
526,156,2025-01-22 21:00:00,295.96,Esportes,Pendente
527,68,2025-01-22 22:00:00,240.28,Eletrônicos,Cancelado
528,68,2025-01-22 23:00:00,152.0,Casa,Aprovado
529,53,2025-01-23 00:00:00,106.32,Beleza,Cancelado
530,38,2025-01-23 01:00:00,127.43,Eletrônicos,Pendente
531,76,2025-01-23 02:00:00,394.18,Esportes,Aprovado
532,43,2025-01-23 03:00:00,384.15,Vestuário,Cancelado
533,106,2025-01-23 04:00:00,496.67,Vestuário,Pendente
534,148,2025-01-23 05:00:00,468.13,Eletrônicos,Pendente
535,63,2025-01-23 06:00:00,334.05,Eletrônicos,Aprovado
536,86,2025-01-23 07:00:00,368.55,Casa,Pendente
537,94,2025-01-23 08:00:00,145.51,Beleza,Cancelado
538,101,2025-01-23 09:00:00,409.01,Vestuário,Pendente
539,81,2025-01-23 10:00:00,414.82,Beleza,Cancelado
540,160,2025-01-23 11:00:00,316.04,Eletrônicos,Pendente
541,52,2025-01-23 12:00:00,217.08,Vestuário,Aprovado
542,53,2025-01-23 13:00:00,102.9,Esportes,Pendente
543,122,2025-01-23 14:00:00,93.19,Vestuário,Pendente
544,156,2025-01-23 15:00:00,392.05,Esportes,Cancelado
545,99,2025-01-23 16:00:00,14.6,Eletrônicos,Cancelado
546,68,2025-01-23 17:00:00,228.49,Beleza,Aprovado
547,72,2025-01-23 18:00:00,362.1,Eletrônicos,Cancelado
548,47,2025-01-23 19:00:00,419.39,Esportes,Cancelado
549,80,2025-01-23 20:00:00,25.4,Vestuário,Pendente
550,103,2025-01-23 21:00:00,340.77,Casa,Pendente
551,176,2025-01-23 22:00:00,188.0,Esportes,Aprovado
552,9,2025-01-23 23:00:00,321.78,Casa,Pendente
553,58,2025-01-24 00:00:00,496.37,Vestuário,Cancelado
554,199,2025-01-24 01:00:00,455.48,Beleza,Aprovado
555,138,2025-01-24 02:00:00,99.69,Eletrônicos,Pendente
556,141,2025-01-24 03:00:00,118.6,Vestuário,Cancelado
557,152,2025-01-24 04:00:00,452.07,Casa,Aprovado
558,64,2025-01-24 05:00:00,173.76,Beleza,Aprovado
559,93,2025-01-24 06:00:00,173.07,Eletrônicos,Aprovado
560,96,2025-01-24 07:00:00,453.68,Eletrônicos,Pendente
561,6,2025-01-24 08:00:00,434.42,Eletrônicos,Cancelado
562,115,2025-01-24 09:00:00,481.29,Beleza,Aprovado
563,100,2025-01-24 10:00:00,268.48,Casa,Aprovado
564,31,2025-01-24 11:00:00,317.07,Casa,Aprovado
565,114,2025-01-24 12:00:00,38.95,Eletrônicos,Pendente
566,75,2025-01-24 13:00:00,387.84,Casa,Cancelado
567,190,2025-01-24 14:00:00,308.78,Beleza,Cancelado
568,94,2025-01-24 15:00:00,272.73,Vestuário,Pendente
569,69,2025-01-24 16:00:00,365.28,Eletrônicos,Cancelado
570,96,2025-01-24 17:00:00,175.14,Beleza,Cancelado
571,128,2025-01-24 18:00:00,210.59,Eletrônicos,Pendente
572,40,2025-01-24 19:00:00,96.9,Vestuário,Cancelado
573,172,2025-01-24 20:00:00,315.29,Eletrônicos,Aprovado
574,1,2025-01-24 21:00:00,211.14,Casa,Aprovado
575,190,2025-01-24 22:00:00,465.96,Beleza,Cancelado
576,1,2025-01-24 23:00:00,69.59,Esportes,Cancelado
577,65,2025-01-25 00:00:00,477.81,Casa,Cancelado
578,200,2025-01-25 01:00:00,159.63,Esportes,Pendente
579,84,2025-01-25 02:00:00,237.87,Casa,Cancelado
580,130,2025-01-25 03:00:00,402.92,Beleza,Cancelado
581,168,2025-01-25 04:00:00,109.72,Vestuário,Aprovado
582,99,2025-01-25 05:00:00,51.53,Casa,Pendente
583,86,2025-01-25 06:00:00,200.06,Vestuário,Pendente
584,179,2025-01-25 07:00:00,428.36,Beleza,Cancelado
585,69,2025-01-25 08:00:00,257.07,Esportes,Cancelado
586,18,2025-01-25 09:00:00,292.48,Eletrônicos,Pendente
587,97,2025-01-25 10:00:00,370.95,Eletrônicos,Pendente
588,88,2025-01-25 11:00:00,442.46,Vestuário,Aprovado
589,108,2025-01-25 12:00:00,110.33,Eletrônicos,Pendente
590,191,2025-01-25 13:00:00,59.93,Esportes,Cancelado
591,94,2025-01-25 14:00:00,258.5,Beleza,Cancelado
592,24,2025-01-25 15:00:00,412.18,Eletrônicos,Aprovado
593,94,2025-01-25 16:00:00,33.4,Casa,Pendente
594,27,2025-01-25 17:00:00,471.44,Esportes,Cancelado
595,184,2025-01-25 18:00:00,111.95,Vestuário,Pendente
596,17,2025-01-25 19:00:00,125.03,Esportes,Pendente
597,84,2025-01-25 20:00:00,392.57,Esportes,Cancelado
598,157,2025-01-25 21:00:00,462.07,Esportes,Cancelado
599,186,2025-01-25 22:00:00,298.53,Beleza,Aprovado
600,87,2025-01-25 23:00:00,308.3,Casa,Cancelado
601,53,2025-01-26 00:00:00,88.98,Vestuário,Pendente
602,84,2025-01-26 01:00:00,216.91,Casa,Aprovado
603,144,2025-01-26 02:00:00,151.16,Casa,Aprovado
604,29,2025-01-26 03:00:00,229.47,Casa,Pendente
605,177,2025-01-26 04:00:00,436.43,Eletrônicos,Cancelado
606,187,2025-01-26 05:00:00,17.2,Eletrônicos,Cancelado
607,164,2025-01-26 06:00:00,235.63,Vestuário,Aprovado
608,27,2025-01-26 07:00:00,63.23,Beleza,Aprovado
609,95,2025-01-26 08:00:00,450.57,Vestuário,Pendente
610,21,2025-01-26 09:00:00,354.95,Esportes,Aprovado
611,136,2025-01-26 10:00:00,486.62,Casa,Aprovado
612,194,2025-01-26 11:00:00,198.64,Eletrônicos,Cancelado
613,178,2025-01-26 12:00:00,347.17,Casa,Pendente
614,59,2025-01-26 13:00:00,280.32,Eletrônicos,Cancelado
615,165,2025-01-26 14:00:00,22.4,Eletrônicos,Cancelado
616,95,2025-01-26 15:00:00,177.78,Esportes,Cancelado
617,53,2025-01-26 16:00:00,78.73,Esportes,Cancelado
618,69,2025-01-26 17:00:00,344.02,Vestuário,Cancelado
619,29,2025-01-26 18:00:00,223.33,Eletrônicos,Pendente
620,195,2025-01-26 19:00:00,486.48,Beleza,Pendente
621,196,2025-01-26 20:00:00,432.32,Beleza,Cancelado
622,105,2025-01-26 21:00:00,184.36,Vestuário,Aprovado
623,137,2025-01-26 22:00:00,85.26,Casa,Pendente
624,4,2025-01-26 23:00:00,179.07,Esportes,Pendente
625,176,2025-01-27 00:00:00,476.73,Esportes,Pendente
626,128,2025-01-27 01:00:00,368.48,Casa,Pendente
627,54,2025-01-27 02:00:00,67.43,Vestuário,Pendente
628,4,2025-01-27 03:00:00,10.68,Esportes,Pendente
629,148,2025-01-27 04:00:00,55.52,Eletrônicos,Cancelado
630,110,2025-01-27 05:00:00,46.41,Esportes,Aprovado
631,161,2025-01-27 06:00:00,278.39,Esportes,Aprovado
632,86,2025-01-27 07:00:00,181.05,Casa,Cancelado
633,85,2025-01-27 08:00:00,118.08,Vestuário,Cancelado
634,51,2025-01-27 09:00:00,296.68,Eletrônicos,Pendente
635,25,2025-01-27 10:00:00,34.0,Eletrônicos,Pendente
636,135,2025-01-27 11:00:00,61.65,Eletrônicos,Cancelado
637,63,2025-01-27 12:00:00,339.55,Esportes,Pendente
638,39,2025-01-27 13:00:00,292.0,Vestuário,Aprovado
639,50,2025-01-27 14:00:00,405.05,Eletrônicos,Aprovado
640,55,2025-01-27 15:00:00,350.55,Casa,Pendente
641,84,2025-01-27 16:00:00,202.1,Esportes,Aprovado
642,28,2025-01-27 17:00:00,238.1,Beleza,Cancelado
643,10,2025-01-27 18:00:00,471.11,Vestuário,Cancelado
644,193,2025-01-27 19:00:00,362.99,Esportes,Aprovado
645,115,2025-01-27 20:00:00,431.72,Vestuário,Cancelado
646,151,2025-01-27 21:00:00,188.32,Casa,Cancelado
647,53,2025-01-27 22:00:00,476.06,Beleza,Pendente
648,90,2025-01-27 23:00:00,41.73,Casa,Aprovado
649,116,2025-01-28 00:00:00,71.72,Vestuário,Pendente
650,73,2025-01-28 01:00:00,265.77,Casa,Cancelado
651,50,2025-01-28 02:00:00,437.75,Esportes,Pendente
652,48,2025-01-28 03:00:00,495.69,Casa,Cancelado
653,84,2025-01-28 04:00:00,184.21,Esportes,Aprovado
654,54,2025-01-28 05:00:00,255.05,Beleza,Pendente
655,151,2025-01-28 06:00:00,349.97,Casa,Pendente
656,158,2025-01-28 07:00:00,169.71,Eletrônicos,Pendente
657,73,2025-01-28 08:00:00,184.52,Vestuário,Aprovado
658,122,2025-01-28 09:00:00,228.89,Casa,Pendente
659,174,2025-01-28 10:00:00,446.75,Beleza,Pendente
660,12,2025-01-28 11:00:00,483.72,Eletrônicos,Aprovado
661,159,2025-01-28 12:00:00,91.06,Beleza,Cancelado
662,56,2025-01-28 13:00:00,103.42,Eletrônicos,Cancelado
663,85,2025-01-28 14:00:00,403.53,Vestuário,Aprovado
664,149,2025-01-28 15:00:00,167.47,Eletrônicos,Aprovado
665,48,2025-01-28 16:00:00,40.99,Esportes,Cancelado
666,70,2025-01-28 17:00:00,492.14,Esportes,Pendente
667,50,2025-01-28 18:00:00,34.33,Vestuário,Aprovado
668,98,2025-01-28 19:00:00,428.77,Esportes,Aprovado
669,160,2025-01-28 20:00:00,275.09,Esportes,Aprovado
670,32,2025-01-28 21:00:00,249.58,Eletrônicos,Cancelado
671,30,2025-01-28 22:00:00,364.06,Eletrônicos,Aprovado
672,157,2025-01-28 23:00:00,61.55,Eletrônicos,Cancelado
673,153,2025-01-29 00:00:00,302.22,Eletrônicos,Pendente
674,34,2025-01-29 01:00:00,224.98,Beleza,Pendente
675,191,2025-01-29 02:00:00,92.58,Casa,Pendente
676,137,2025-01-29 03:00:00,352.83,Casa,Aprovado
677,2,2025-01-29 04:00:00,108.07,Beleza,Cancelado
678,17,2025-01-29 05:00:00,128.82,Esportes,Aprovado
679,112,2025-01-29 06:00:00,465.53,Beleza,Aprovado
680,48,2025-01-29 07:00:00,467.44,Vestuário,Aprovado
681,86,2025-01-29 08:00:00,152.2,Eletrônicos,Pendente
682,52,2025-01-29 09:00:00,395.01,Vestuário,Cancelado
683,53,2025-01-29 10:00:00,405.46,Eletrônicos,Pendente
684,188,2025-01-29 11:00:00,239.65,Beleza,Cancelado
685,181,2025-01-29 12:00:00,233.27,Casa,Aprovado
686,188,2025-01-29 13:00:00,355.27,Eletrônicos,Aprovado
687,200,2025-01-29 14:00:00,426.73,Casa,Cancelado
688,115,2025-01-29 15:00:00,202.02,Eletrônicos,Pendente
689,9,2025-01-29 16:00:00,335.33,Casa,Aprovado
690,75,2025-01-29 17:00:00,79.46,Esportes,Aprovado
691,140,2025-01-29 18:00:00,186.26,Esportes,Pendente
692,4,2025-01-29 19:00:00,185.61,Casa,Pendente
693,144,2025-01-29 20:00:00,57.57,Vestuário,Cancelado
694,181,2025-01-29 21:00:00,112.5,Eletrônicos,Cancelado
695,2,2025-01-29 22:00:00,302.94,Beleza,Cancelado
696,78,2025-01-29 23:00:00,119.83,Beleza,Pendente
697,8,2025-01-30 00:00:00,118.68,Eletrônicos,Cancelado
698,141,2025-01-30 01:00:00,432.79,Beleza,Cancelado
699,129,2025-01-30 02:00:00,401.55,Casa,Aprovado
700,71,2025-01-30 03:00:00,152.79,Esportes,Cancelado
701,48,2025-01-30 04:00:00,272.12,Casa,Cancelado
702,188,2025-01-30 05:00:00,339.71,Vestuário,Aprovado
703,154,2025-01-30 06:00:00,160.32,Vestuário,Cancelado
704,180,2025-01-30 07:00:00,449.11,Esportes,Pendente
705,75,2025-01-30 08:00:00,98.78,Esportes,Cancelado
706,11,2025-01-30 09:00:00,376.65,Beleza,Cancelado
707,64,2025-01-30 10:00:00,130.85,Beleza,Cancelado
708,125,2025-01-30 11:00:00,210.58,Beleza,Aprovado
709,35,2025-01-30 12:00:00,437.51,Casa,Pendente
710,129,2025-01-30 13:00:00,121.98,Esportes,Pendente
711,52,2025-01-30 14:00:00,436.88,Vestuário,Aprovado
712,101,2025-01-30 15:00:00,471.64,Esportes,Pendente
713,110,2025-01-30 16:00:00,377.15,Esportes,Cancelado
714,43,2025-01-30 17:00:00,467.16,Esportes,Aprovado
715,36,2025-01-30 18:00:00,77.48,Esportes,Aprovado
716,173,2025-01-30 19:00:00,488.85,Casa,Pendente
717,197,2025-01-30 20:00:00,187.57,Esportes,Aprovado
718,108,2025-01-30 21:00:00,476.2,Vestuário,Cancelado
719,74,2025-01-30 22:00:00,391.3,Vestuário,Cancelado
720,16,2025-01-30 23:00:00,406.1,Casa,Cancelado
721,117,2025-01-31 00:00:00,397.36,Beleza,Pendente
722,174,2025-01-31 01:00:00,493.68,Vestuário,Aprovado
723,157,2025-01-31 02:00:00,360.95,Vestuário,Pendente
724,27,2025-01-31 03:00:00,214.05,Eletrônicos,Cancelado
725,59,2025-01-31 04:00:00,19.0,Casa,Pendente
726,171,2025-01-31 05:00:00,65.44,Beleza,Cancelado
727,79,2025-01-31 06:00:00,125.8,Esportes,Cancelado
728,56,2025-01-31 07:00:00,14.05,Beleza,Aprovado
729,20,2025-01-31 08:00:00,59.69,Vestuário,Cancelado
730,141,2025-01-31 09:00:00,292.75,Eletrônicos,Aprovado
731,54,2025-01-31 10:00:00,378.96,Vestuário,Pendente
732,138,2025-01-31 11:00:00,223.54,Esportes,Cancelado
733,74,2025-01-31 12:00:00,286.6,Eletrônicos,Pendente
734,2,2025-01-31 13:00:00,57.84,Eletrônicos,Pendente
735,170,2025-01-31 14:00:00,346.16,Eletrônicos,Cancelado
736,172,2025-01-31 15:00:00,326.8,Vestuário,Cancelado
737,143,2025-01-31 16:00:00,97.42,Casa,Aprovado
738,142,2025-01-31 17:00:00,395.47,Casa,Aprovado
739,169,2025-01-31 18:00:00,477.67,Esportes,Pendente
740,107,2025-01-31 19:00:00,331.41,Esportes,Pendente
741,73,2025-01-31 20:00:00,155.13,Esportes,Cancelado
742,172,2025-01-31 21:00:00,115.93,Casa,Pendente
743,66,2025-01-31 22:00:00,337.46,Esportes,Cancelado
744,11,2025-01-31 23:00:00,52.25,Esportes,Aprovado
745,17,2025-02-01 00:00:00,388.64,Beleza,Pendente
746,84,2025-02-01 01:00:00,46.92,Vestuário,Cancelado
747,181,2025-02-01 02:00:00,266.22,Vestuário,Cancelado
748,125,2025-02-01 03:00:00,147.61,Vestuário,Cancelado
749,122,2025-02-01 04:00:00,345.64,Esportes,Aprovado
750,63,2025-02-01 05:00:00,133.8,Beleza,Cancelado
751,75,2025-02-01 06:00:00,419.84,Beleza,Aprovado
752,60,2025-02-01 07:00:00,24.51,Vestuário,Pendente
753,42,2025-02-01 08:00:00,170.7,Eletrônicos,Aprovado
754,167,2025-02-01 09:00:00,137.57,Eletrônicos,Pendente
755,118,2025-02-01 10:00:00,128.86,Vestuário,Pendente
756,5,2025-02-01 11:00:00,424.18,Eletrônicos,Cancelado
757,193,2025-02-01 12:00:00,220.94,Vestuário,Cancelado
758,30,2025-02-01 13:00:00,178.34,Casa,Cancelado
759,22,2025-02-01 14:00:00,110.64,Beleza,Pendente
760,125,2025-02-01 15:00:00,45.67,Casa,Pendente
761,138,2025-02-01 16:00:00,304.55,Vestuário,Cancelado
762,56,2025-02-01 17:00:00,51.23,Casa,Aprovado
763,160,2025-02-01 18:00:00,157.97,Vestuário,Aprovado
764,142,2025-02-01 19:00:00,237.72,Eletrônicos,Pendente
765,164,2025-02-01 20:00:00,413.0,Eletrônicos,Pendente
766,25,2025-02-01 21:00:00,254.97,Casa,Pendente
767,21,2025-02-01 22:00:00,333.83,Eletrônicos,Cancelado
768,155,2025-02-01 23:00:00,208.4,Eletrônicos,Pendente
769,23,2025-02-02 00:00:00,149.81,Esportes,Pendente
770,150,2025-02-02 01:00:00,113.79,Vestuário,Aprovado
771,120,2025-02-02 02:00:00,403.5,Beleza,Cancelado
772,126,2025-02-02 03:00:00,75.44,Eletrônicos,Pendente
773,32,2025-02-02 04:00:00,309.51,Eletrônicos,Cancelado
774,164,2025-02-02 05:00:00,180.53,Beleza,Aprovado
775,200,2025-02-02 06:00:00,230.78,Beleza,Aprovado
776,126,2025-02-02 07:00:00,496.25,Casa,Cancelado
777,107,2025-02-02 08:00:00,482.54,Casa,Aprovado
778,58,2025-02-02 09:00:00,39.25,Casa,Pendente
779,144,2025-02-02 10:00:00,93.18,Esportes,Cancelado
780,176,2025-02-02 11:00:00,186.32,Eletrônicos,Cancelado
781,148,2025-02-02 12:00:00,15.38,Esportes,Aprovado
782,192,2025-02-02 13:00:00,403.29,Eletrônicos,Cancelado
783,184,2025-02-02 14:00:00,358.95,Eletrônicos,Cancelado
784,193,2025-02-02 15:00:00,247.31,Vestuário,Pendente
785,2,2025-02-02 16:00:00,12.03,Eletrônicos,Cancelado
786,67,2025-02-02 17:00:00,134.06,Eletrônicos,Pendente
787,78,2025-02-02 18:00:00,298.93,Vestuário,Aprovado
788,130,2025-02-02 19:00:00,28.1,Vestuário,Pendente
789,103,2025-02-02 20:00:00,55.67,Esportes,Aprovado
790,196,2025-02-02 21:00:00,17.93,Beleza,Cancelado
791,44,2025-02-02 22:00:00,289.8,Eletrônicos,Pendente
792,6,2025-02-02 23:00:00,330.15,Esportes,Aprovado
793,52,2025-02-03 00:00:00,283.04,Esportes,Cancelado
794,102,2025-02-03 01:00:00,463.91,Eletrônicos,Pendente
795,25,2025-02-03 02:00:00,471.62,Vestuário,Aprovado
796,102,2025-02-03 03:00:00,396.77,Eletrônicos,Pendente
797,148,2025-02-03 04:00:00,180.85,Esportes,Pendente
798,49,2025-02-03 05:00:00,101.32,Vestuário,Pendente
799,184,2025-02-03 06:00:00,31.99,Esportes,Pendente
800,186,2025-02-03 07:00:00,386.07,Casa,Cancelado
801,14,2025-02-03 08:00:00,475.57,Beleza,Aprovado
802,176,2025-02-03 09:00:00,415.35,Eletrônicos,Aprovado
803,141,2025-02-03 10:00:00,152.38,Esportes,Aprovado
804,72,2025-02-03 11:00:00,176.57,Casa,Pendente
805,86,2025-02-03 12:00:00,292.19,Vestuário,Aprovado
806,187,2025-02-03 13:00:00,222.48,Eletrônicos,Aprovado
807,166,2025-02-03 14:00:00,151.07,Casa,Cancelado
808,144,2025-02-03 15:00:00,26.61,Eletrônicos,Pendente
809,165,2025-02-03 16:00:00,116.33,Esportes,Cancelado
810,27,2025-02-03 17:00:00,107.04,Casa,Pendente
811,35,2025-02-03 18:00:00,82.48,Eletrônicos,Pendente
812,185,2025-02-03 19:00:00,461.68,Beleza,Pendente
813,158,2025-02-03 20:00:00,492.32,Esportes,Pendente
814,142,2025-02-03 21:00:00,121.92,Vestuário,Aprovado
815,70,2025-02-03 22:00:00,264.44,Casa,Aprovado
816,168,2025-02-03 23:00:00,93.25,Casa,Aprovado
817,174,2025-02-04 00:00:00,52.89,Eletrônicos,Cancelado
818,106,2025-02-04 01:00:00,49.41,Beleza,Cancelado
819,40,2025-02-04 02:00:00,262.13,Esportes,Pendente
820,87,2025-02-04 03:00:00,376.55,Beleza,Aprovado
821,81,2025-02-04 04:00:00,53.83,Beleza,Cancelado
822,164,2025-02-04 05:00:00,278.14,Vestuário,Pendente
823,196,2025-02-04 06:00:00,456.09,Casa,Pendente
824,174,2025-02-04 07:00:00,130.12,Casa,Aprovado
825,96,2025-02-04 08:00:00,114.57,Esportes,Pendente
826,16,2025-02-04 09:00:00,149.94,Eletrônicos,Cancelado
827,24,2025-02-04 10:00:00,166.12,Beleza,Pendente
828,172,2025-02-04 11:00:00,350.31,Beleza,Cancelado
829,125,2025-02-04 12:00:00,210.78,Vestuário,Aprovado
830,128,2025-02-04 13:00:00,192.12,Vestuário,Aprovado
831,43,2025-02-04 14:00:00,242.63,Eletrônicos,Aprovado
832,53,2025-02-04 15:00:00,317.27,Beleza,Pendente
833,116,2025-02-04 16:00:00,340.84,Casa,Aprovado
834,194,2025-02-04 17:00:00,212.37,Esportes,Pendente
835,132,2025-02-04 18:00:00,63.38,Eletrônicos,Cancelado
836,193,2025-02-04 19:00:00,147.4,Beleza,Cancelado
837,171,2025-02-04 20:00:00,342.0,Esportes,Cancelado
838,72,2025-02-04 21:00:00,461.75,Eletrônicos,Pendente
839,75,2025-02-04 22:00:00,88.36,Esportes,Aprovado
840,15,2025-02-04 23:00:00,373.31,Vestuário,Aprovado
841,113,2025-02-05 00:00:00,89.15,Esportes,Pendente
842,160,2025-02-05 01:00:00,486.4,Eletrônicos,Aprovado
843,18,2025-02-05 02:00:00,390.55,Eletrônicos,Pendente
844,191,2025-02-05 03:00:00,208.64,Esportes,Cancelado
845,123,2025-02-05 04:00:00,453.44,Eletrônicos,Cancelado
846,59,2025-02-05 05:00:00,182.78,Eletrônicos,Aprovado
847,76,2025-02-05 06:00:00,209.73,Vestuário,Cancelado
848,145,2025-02-05 07:00:00,18.14,Vestuário,Cancelado
849,164,2025-02-05 08:00:00,496.69,Beleza,Pendente
850,123,2025-02-05 09:00:00,34.32,Beleza,Aprovado
851,17,2025-02-05 10:00:00,37.99,Esportes,Cancelado
852,175,2025-02-05 11:00:00,17.19,Esportes,Pendente
853,30,2025-02-05 12:00:00,78.95,Vestuário,Aprovado
854,99,2025-02-05 13:00:00,395.74,Vestuário,Cancelado
855,40,2025-02-05 14:00:00,17.17,Esportes,Pendente
856,105,2025-02-05 15:00:00,319.12,Casa,Cancelado
857,47,2025-02-05 16:00:00,78.65,Vestuário,Pendente
858,28,2025-02-05 17:00:00,79.24,Eletrônicos,Pendente
859,32,2025-02-05 18:00:00,326.39,Eletrônicos,Pendente
860,94,2025-02-05 19:00:00,140.27,Casa,Cancelado
861,116,2025-02-05 20:00:00,48.76,Esportes,Cancelado
862,178,2025-02-05 21:00:00,204.56,Vestuário,Cancelado
863,10,2025-02-05 22:00:00,430.83,Vestuário,Aprovado
864,138,2025-02-05 23:00:00,82.54,Beleza,Aprovado
865,6,2025-02-06 00:00:00,393.82,Vestuário,Cancelado
866,59,2025-02-06 01:00:00,32.36,Casa,Aprovado
867,78,2025-02-06 02:00:00,401.77,Casa,Pendente
868,190,2025-02-06 03:00:00,113.93,Esportes,Aprovado
869,145,2025-02-06 04:00:00,13.15,Esportes,Aprovado
870,141,2025-02-06 05:00:00,342.75,Eletrônicos,Cancelado
871,66,2025-02-06 06:00:00,18.65,Esportes,Pendente
872,44,2025-02-06 07:00:00,232.98,Eletrônicos,Pendente
873,9,2025-02-06 08:00:00,490.82,Esportes,Aprovado
874,97,2025-02-06 09:00:00,158.3,Casa,Aprovado
875,52,2025-02-06 10:00:00,278.52,Casa,Pendente
876,155,2025-02-06 11:00:00,353.0,Vestuário,Aprovado
877,17,2025-02-06 12:00:00,492.3,Casa,Pendente
878,162,2025-02-06 13:00:00,155.33,Beleza,Aprovado
879,169,2025-02-06 14:00:00,133.8,Eletrônicos,Aprovado
880,170,2025-02-06 15:00:00,328.38,Esportes,Cancelado
881,65,2025-02-06 16:00:00,177.56,Eletrônicos,Cancelado
882,156,2025-02-06 17:00:00,289.23,Esportes,Aprovado
883,146,2025-02-06 18:00:00,66.35,Eletrônicos,Pendente
884,44,2025-02-06 19:00:00,231.11,Casa,Aprovado
885,139,2025-02-06 20:00:00,348.16,Vestuário,Pendente
886,128,2025-02-06 21:00:00,235.82,Esportes,Cancelado
887,200,2025-02-06 22:00:00,306.56,Casa,Pendente
888,24,2025-02-06 23:00:00,497.12,Esportes,Cancelado
889,42,2025-02-07 00:00:00,58.04,Casa,Aprovado
890,23,2025-02-07 01:00:00,392.48,Beleza,Cancelado
891,153,2025-02-07 02:00:00,402.14,Casa,Pendente
892,15,2025-02-07 03:00:00,91.6,Vestuário,Cancelado
893,115,2025-02-07 04:00:00,292.62,Beleza,Pendente
894,186,2025-02-07 05:00:00,327.63,Eletrônicos,Aprovado
895,59,2025-02-07 06:00:00,312.63,Vestuário,Cancelado
896,93,2025-02-07 07:00:00,199.84,Beleza,Pendente
897,130,2025-02-07 08:00:00,485.18,Eletrônicos,Pendente
898,13,2025-02-07 09:00:00,28.19,Casa,Pendente
899,181,2025-02-07 10:00:00,85.49,Casa,Aprovado
900,131,2025-02-07 11:00:00,335.4,Esportes,Cancelado
901,60,2025-02-07 12:00:00,429.25,Casa,Pendente
902,19,2025-02-07 13:00:00,77.14,Casa,Aprovado
903,39,2025-02-07 14:00:00,82.89,Casa,Aprovado
904,10,2025-02-07 15:00:00,152.56,Vestuário,Pendente
905,56,2025-02-07 16:00:00,222.29,Eletrônicos,Pendente
906,33,2025-02-07 17:00:00,55.1,Eletrônicos,Cancelado
907,183,2025-02-07 18:00:00,439.23,Beleza,Cancelado
908,67,2025-02-07 19:00:00,224.6,Esportes,Pendente
909,104,2025-02-07 20:00:00,240.34,Esportes,Pendente
910,86,2025-02-07 21:00:00,293.37,Casa,Cancelado
911,68,2025-02-07 22:00:00,195.1,Esportes,Aprovado
912,67,2025-02-07 23:00:00,230.47,Esportes,Pendente
913,18,2025-02-08 00:00:00,303.09,Casa,Cancelado
914,26,2025-02-08 01:00:00,252.76,Eletrônicos,Pendente
915,116,2025-02-08 02:00:00,205.79,Casa,Aprovado
916,171,2025-02-08 03:00:00,108.48,Casa,Aprovado
917,143,2025-02-08 04:00:00,286.3,Casa,Aprovado
918,22,2025-02-08 05:00:00,169.14,Beleza,Cancelado
919,97,2025-02-08 06:00:00,340.25,Esportes,Aprovado
920,100,2025-02-08 07:00:00,131.92,Casa,Pendente
921,164,2025-02-08 08:00:00,458.27,Casa,Aprovado
922,94,2025-02-08 09:00:00,449.29,Vestuário,Cancelado
923,138,2025-02-08 10:00:00,302.35,Esportes,Aprovado
924,22,2025-02-08 11:00:00,109.18,Eletrônicos,Pendente
925,100,2025-02-08 12:00:00,127.39,Eletrônicos,Cancelado
926,30,2025-02-08 13:00:00,378.5,Eletrônicos,Pendente
927,116,2025-02-08 14:00:00,184.76,Eletrônicos,Pendente
928,193,2025-02-08 15:00:00,153.14,Esportes,Pendente
929,150,2025-02-08 16:00:00,459.46,Eletrônicos,Aprovado
930,85,2025-02-08 17:00:00,250.63,Eletrônicos,Pendente
931,40,2025-02-08 18:00:00,219.48,Casa,Cancelado
932,74,2025-02-08 19:00:00,411.43,Vestuário,Aprovado
933,43,2025-02-08 20:00:00,137.52,Beleza,Cancelado
934,182,2025-02-08 21:00:00,110.27,Casa,Cancelado
935,21,2025-02-08 22:00:00,186.39,Vestuário,Cancelado
936,37,2025-02-08 23:00:00,28.86,Casa,Pendente
937,185,2025-02-09 00:00:00,481.57,Beleza,Cancelado
938,97,2025-02-09 01:00:00,249.62,Casa,Aprovado
939,131,2025-02-09 02:00:00,271.02,Eletrônicos,Cancelado
940,97,2025-02-09 03:00:00,111.26,Beleza,Pendente
941,186,2025-02-09 04:00:00,275.35,Eletrônicos,Aprovado
942,18,2025-02-09 05:00:00,141.77,Casa,Cancelado
943,127,2025-02-09 06:00:00,287.66,Casa,Cancelado
944,118,2025-02-09 07:00:00,54.67,Casa,Aprovado
945,34,2025-02-09 08:00:00,185.21,Eletrônicos,Aprovado
946,105,2025-02-09 09:00:00,138.53,Eletrônicos,Pendente
947,71,2025-02-09 10:00:00,374.87,Casa,Cancelado
948,140,2025-02-09 11:00:00,411.53,Casa,Cancelado
949,196,2025-02-09 12:00:00,158.83,Esportes,Aprovado
950,181,2025-02-09 13:00:00,272.58,Vestuário,Aprovado
951,44,2025-02-09 14:00:00,178.75,Esportes,Cancelado
952,122,2025-02-09 15:00:00,307.45,Esportes,Pendente
953,183,2025-02-09 16:00:00,79.79,Casa,Pendente
954,15,2025-02-09 17:00:00,166.53,Eletrônicos,Pendente
955,141,2025-02-09 18:00:00,404.95,Casa,Pendente
956,129,2025-02-09 19:00:00,300.94,Beleza,Aprovado
957,128,2025-02-09 20:00:00,216.91,Beleza,Pendente
958,55,2025-02-09 21:00:00,222.76,Casa,Cancelado
959,138,2025-02-09 22:00:00,264.01,Casa,Pendente
960,23,2025-02-09 23:00:00,195.32,Eletrônicos,Pendente
961,66,2025-02-10 00:00:00,472.79,Casa,Cancelado
962,134,2025-02-10 01:00:00,399.85,Beleza,Aprovado
963,146,2025-02-10 02:00:00,146.64,Beleza,Aprovado
964,29,2025-02-10 03:00:00,105.79,Beleza,Pendente
965,83,2025-02-10 04:00:00,193.04,Vestuário,Cancelado
966,138,2025-02-10 05:00:00,346.25,Casa,Aprovado
967,186,2025-02-10 06:00:00,312.75,Esportes,Aprovado
968,165,2025-02-10 07:00:00,369.78,Beleza,Aprovado
969,19,2025-02-10 08:00:00,65.66,Esportes,Cancelado
970,176,2025-02-10 09:00:00,168.06,Eletrônicos,Aprovado
971,45,2025-02-10 10:00:00,484.11,Beleza,Pendente
972,42,2025-02-10 11:00:00,217.37,Vestuário,Cancelado
973,12,2025-02-10 12:00:00,28.52,Casa,Aprovado
974,191,2025-02-10 13:00:00,81.36,Eletrônicos,Cancelado
975,62,2025-02-10 14:00:00,362.07,Casa,Pendente
976,155,2025-02-10 15:00:00,371.78,Beleza,Aprovado
977,2,2025-02-10 16:00:00,334.26,Beleza,Aprovado
978,163,2025-02-10 17:00:00,304.57,Vestuário,Aprovado
979,142,2025-02-10 18:00:00,218.82,Beleza,Pendente
980,112,2025-02-10 19:00:00,43.54,Esportes,Pendente
981,127,2025-02-10 20:00:00,197.32,Esportes,Aprovado
982,10,2025-02-10 21:00:00,480.7,Beleza,Cancelado
983,74,2025-02-10 22:00:00,320.09,Esportes,Aprovado
984,193,2025-02-10 23:00:00,369.44,Eletrônicos,Pendente
985,178,2025-02-11 00:00:00,213.82,Esportes,Pendente
986,23,2025-02-11 01:00:00,16.82,Eletrônicos,Aprovado
987,126,2025-02-11 02:00:00,312.94,Vestuário,Pendente
988,126,2025-02-11 03:00:00,404.21,Beleza,Pendente
989,111,2025-02-11 04:00:00,449.39,Casa,Pendente
990,46,2025-02-11 05:00:00,70.72,Beleza,Pendente
991,47,2025-02-11 06:00:00,104.31,Vestuário,Cancelado
992,135,2025-02-11 07:00:00,353.58,Eletrônicos,Aprovado
993,61,2025-02-11 08:00:00,481.29,Beleza,Pendente
994,48,2025-02-11 09:00:00,422.9,Beleza,Cancelado
995,40,2025-02-11 10:00:00,114.49,Casa,Aprovado
996,163,2025-02-11 11:00:00,278.07,Casa,Cancelado
997,46,2025-02-11 12:00:00,93.73,Esportes,Cancelado
998,68,2025-02-11 13:00:00,109.06,Esportes,Aprovado
999,32,2025-02-11 14:00:00,29.6,Esportes,Pendente
1000,81,2025-02-11 15:00:00,364.7,Vestuário,Aprovado
